<?xml version="1.0" encoding="utf-8"?>
<ArrayOfCarga xmlns:xsi="http://www.w3.org/2001/XMLSchema-instance" xmlns:xsd="http://www.w3.org/2001/XMLSchema">
<Carga><codigo>725</codigo><tipo>balde</tipo><peso>70</peso></Carga>
<Carga><codigo>1451</codigo><tipo>caja</tipo><peso>90</peso></Carga>
<Carga><codigo>810</codigo><tipo>contenedor</tipo><peso>150</peso></Carga>
<Carga><codigo>1840</codigo><tipo>bolsa</tipo><peso>120</peso></Carga>
<Carga><codigo>533</codigo><tipo>bolsa</tipo><peso>30</peso></Carga>
<Carga><codigo>802</codigo><tipo>caja</tipo><peso>40</peso></Carga>
<Carga><codigo>875</codigo><tipo>contenedor</tipo><peso>80</peso></Carga>
<Carga><codigo>689</codigo><tipo>pallet</tipo><peso>80</peso></Carga>
<Carga><codigo>1741</codigo><tipo>pallet</tipo><peso>150</peso></Carga>
<Carga><codigo>1816</codigo><tipo>caja</tipo><peso>60</peso></Carga>
<Carga><codigo>1321</codigo><tipo>rollo</tipo><peso>70</peso></Carga>
<Carga><codigo>1068</codigo><tipo>libero</tipo><peso>70</peso></Carga>
<Carga><codigo>1831</codigo><tipo>contenedor</tipo><peso>130</peso></Carga>
<Carga><codigo>1928</codigo><tipo>contenedor</tipo><peso>100</peso></Carga>
<Carga><codigo>774</codigo><tipo>rollo</tipo><peso>50</peso></Carga>
<Carga><codigo>955</codigo><tipo>bolsa</tipo><peso>50</peso></Carga>
<Carga><codigo>1724</codigo><tipo>balde</tipo><peso>10</peso></Carga>
<Carga><codigo>508</codigo><tipo>caja</tipo><peso>60</peso></Carga>
<Carga><codigo>1792</codigo><tipo>contenedor</tipo><peso>1000</peso></Carga>
<Carga><codigo>1814</codigo><tipo>balde</tipo><peso>80</peso></Carga>
<Carga><codigo>1517</codigo><tipo>caja</tipo><peso>140</peso></Carga>
<Carga><codigo>1979</codigo><tipo>pallet</tipo><peso>90</peso></Carga>
<Carga><codigo>962</codigo><tipo>caja</tipo><peso>80</peso></Carga>
<Carga><codigo>1472</codigo><tipo>bolsa</tipo><peso>50</peso></Carga>
<Carga><codigo>1095</codigo><tipo>contenedor</tipo><peso>110</peso></Carga>
<Carga><codigo>1013</codigo><tipo>contenedor</tipo><peso>200</peso></Carga>
<Carga><codigo>1799</codigo><tipo>caja</tipo><peso>90</peso></Carga>
<Carga><codigo>623</codigo><tipo>rollo</tipo><peso>50</peso></Carga>
<Carga><codigo>1031</codigo><tipo>rollo</tipo><peso>120</peso></Carga>
<Carga><codigo>1766</codigo><tipo>contenedor</tipo><peso>120</peso></Carga>
<Carga><codigo>739</codigo><tipo>pallet</tipo><peso>20</peso></Carga>
<Carga><codigo>837</codigo><tipo>rollo</tipo><peso>130</peso></Carga>
<Carga><codigo>1198</codigo><tipo>rollo</tipo><peso>50</peso></Carga>
<Carga><codigo>1155</codigo><tipo>caja</tipo><peso>70</peso></Carga>
<Carga><codigo>1624</codigo><tipo>bolsa</tipo><peso>14</peso></Carga>
<Carga><codigo>1578</codigo><tipo>contenedor</tipo><peso>110</peso></Carga>
<Carga><codigo>1778</codigo><tipo>contenedor</tipo><peso>500</peso></Carga>
<Carga><codigo>896</codigo><tipo>pallet</tipo><peso>40</peso></Carga>
<Carga><codigo>1727</codigo><tipo>rollo</tipo><peso>100</peso></Carga>
<Carga><codigo>769</codigo><tipo>bolsa</tipo><peso>4</peso></Carga>
<Carga><codigo>1633</codigo><tipo>contenedor</tipo><peso>1000</peso></Carga>
<Carga><codigo>1951</codigo><tipo>contenedor</tipo><peso>2000</peso></Carga>
<Carga><codigo>1244</codigo><tipo>pellet</tipo><peso>100</peso></Carga>
<Carga><codigo>1932</codigo><tipo>pallet</tipo><peso>140</peso></Carga>
<Carga><codigo>1130</codigo><tipo>balde</tipo><peso>6</peso></Carga>
<Carga><codigo>1032</codigo><tipo>caja</tipo><peso>15</peso></Carga>
<Carga><codigo>1732</codigo><tipo>caja</tipo><peso>4</peso></Carga>
<Carga><codigo>1715</codigo><tipo>contenedor</tipo><peso>1400</peso></Carga>
<Carga><codigo>1872</codigo><tipo>bolsa</tipo><peso>1</peso></Carga>
<Carga><codigo>510</codigo><tipo>pallet</tipo><peso>80</peso></Carga>
</ArrayOfCarga>