[{"Dni":50241004,"Nombre":"Leeanne","Equipaje":11},
{"Dni":51122083,"Nombre":"Rorke","Equipaje":12},
{"Dni":49100268,"Nombre":"Ruprecht","Equipaje":1},
{"Dni":40591931,"Nombre":"Remy","Equipaje":9},
{"Dni":46193766,"Nombre":"Urbanus","Equipaje":1},
{"Dni":49649714,"Nombre":"Sam","Equipaje":1},
{"Dni":34168372,"Nombre":"Genna","Equipaje":10},
{"Dni":51710610,"Nombre":"Ginevra","Equipaje":6},
{"Dni":39785695,"Nombre":"Robina","Equipaje":8},
{"Dni":31729108,"Nombre":"Humfried","Equipaje":15},
{"Dni":52602132,"Nombre":"Gretel","Equipaje":2},
{"Dni":50727015,"Nombre":"Lewiss","Equipaje":4},
{"Dni":39604870,"Nombre":"Lock","Equipaje":5},
{"Dni":44065585,"Nombre":"Caryn","Equipaje":2},
{"Dni":35649621,"Nombre":"Janessa","Equipaje":13},
{"Dni":38048733,"Nombre":"Dennie","Equipaje":11},
{"Dni":39347297,"Nombre":"Neil","Equipaje":9},
{"Dni":43498907,"Nombre":"Cybil","Equipaje":15},
{"Dni":33190742,"Nombre":"Kate","Equipaje":13},
{"Dni":30956168,"Nombre":"Abbott","Equipaje":2},
{"Dni":51927004,"Nombre":"Tibold","Equipaje":15},
{"Dni":42307506,"Nombre":"Traver","Equipaje":5},
{"Dni":53010679,"Nombre":"Jacinthe","Equipaje":5},
{"Dni":37817485,"Nombre":"Ibbie","Equipaje":12},
{"Dni":37562959,"Nombre":"Marilee","Equipaje":9},
{"Dni":31189847,"Nombre":"Sebastiano","Equipaje":11},
{"Dni":35068830,"Nombre":"Kathryn","Equipaje":1},
{"Dni":47350600,"Nombre":"Pierson","Equipaje":12},
{"Dni":39034776,"Nombre":"Renado","Equipaje":13},
{"Dni":49969360,"Nombre":"Martin","Equipaje":10},
{"Dni":51948094,"Nombre":"Jemie","Equipaje":0},
{"Dni":46564740,"Nombre":"Arlin","Equipaje":3},
{"Dni":46647741,"Nombre":"Onofredo","Equipaje":5},
{"Dni":51422382,"Nombre":"Josefa","Equipaje":11},
{"Dni":34877945,"Nombre":"Doralyn","Equipaje":12},
{"Dni":38666091,"Nombre":"Barthel","Equipaje":14},
{"Dni":32431848,"Nombre":"Ian","Equipaje":10},
{"Dni":39565631,"Nombre":"Janette","Equipaje":11},
{"Dni":51321212,"Nombre":"Robenia","Equipaje":9},
{"Dni":45322659,"Nombre":"Eduino","Equipaje":12},
{"Dni":47237587,"Nombre":"Marietta","Equipaje":0},
{"Dni":31936281,"Nombre":"Shawn","Equipaje":4},
{"Dni":35230395,"Nombre":"Liuka","Equipaje":13},
{"Dni":51311081,"Nombre":"Nellie","Equipaje":2},
{"Dni":41510637,"Nombre":"Josie","Equipaje":3},
{"Dni":38118962,"Nombre":"Dniren","Equipaje":10},
{"Dni":49310366,"Nombre":"Irving","Equipaje":13},
{"Dni":37814456,"Nombre":"Huey","Equipaje":7},
{"Dni":31198207,"Nombre":"Malena","Equipaje":4},
{"Dni":45295164,"Nombre":"Locke","Equipaje":8}]