[{"Color":"Khaki","Marca":"Cowland","Codigo":1},
{"Color":"Teal","Marca":"Aleveque","Codigo":2},
{"Color":"Indigo","Marca":"Aked","Codigo":3},
{"Color":"Khaki","Marca":"Sampey","Codigo":4},
{"Color":"Purple","Marca":"Wilcocke","Codigo":5},
{"Color":"Blue","Marca":"Tye","Codigo":6},
{"Color":"Red","Marca":"Sadry","Codigo":7},
{"Color":"Crimson","Marca":"Scroxton","Codigo":8},
{"Color":"Orange","Marca":"Santos","Codigo":9},
{"Color":"Crimson","Marca":"Brettoner","Codigo":10},
{"Color":"Turquoise","Marca":"MacQueen","Codigo":11},
{"Color":"Pink","Marca":"Oldcroft","Codigo":12},
{"Color":"Goldenrod","Marca":"Wrathall","Codigo":13},
{"Color":"Purple","Marca":"Keniwell","Codigo":14},
{"Color":"Goldenrod","Marca":"Merriment","Codigo":15},
{"Color":"Red","Marca":"Clougher","Codigo":16},
{"Color":"Indigo","Marca":"McDell","Codigo":17},
{"Color":"Maroon","Marca":"Wisniewski","Codigo":18},
{"Color":"Orange","Marca":"Carnier","Codigo":19},
{"Color":"Goldenrod","Marca":"Brownsall","Codigo":20},
{"Color":"Turquoise","Marca":"Purselowe","Codigo":21},
{"Color":"Indigo","Marca":"Torricella","Codigo":22},
{"Color":"Red","Marca":"Gyenes","Codigo":23},
{"Color":"Aquamarine","Marca":"Cantu","Codigo":24},
{"Color":"Yellow","Marca":"Cocozza","Codigo":25},
{"Color":"Green","Marca":"Yushkov","Codigo":26},
{"Color":"Pink","Marca":"Blaze","Codigo":27},
{"Color":"Violet","Marca":"Stripling","Codigo":28},
{"Color":"Maroon","Marca":"Streight","Codigo":29},
{"Color":"Puce","Marca":"Brumham","Codigo":30},
{"Color":"Green","Marca":"Bullivent","Codigo":31},
{"Color":"Teal","Marca":"Piken","Codigo":32},
{"Color":"Yellow","Marca":"Daffern","Codigo":33},
{"Color":"Blue","Marca":"Keyse","Codigo":34},
{"Color":"Purple","Marca":"Bullant","Codigo":35},
{"Color":"Khaki","Marca":"Dadswell","Codigo":36},
{"Color":"Turquoise","Marca":"Hazeldene","Codigo":37},
{"Color":"Goldenrod","Marca":"Josupeit","Codigo":38},
{"Color":"Khaki","Marca":"Celand","Codigo":39},
{"Color":"Khaki","Marca":"Gulk","Codigo":40},
{"Color":"Turquoise","Marca":"Haggleton","Codigo":41},
{"Color":"Puce","Marca":"Michelotti","Codigo":42},
{"Color":"Mauv","Marca":"Oakey","Codigo":43},
{"Color":"Red","Marca":"Hurrion","Codigo":44},
{"Color":"Fuscia","Marca":"Caunce","Codigo":45},
{"Color":"Blue","Marca":"Nizet","Codigo":46},
{"Color":"Goldenrod","Marca":"Spencook","Codigo":47},
{"Color":"Blue","Marca":"Riping","Codigo":48},
{"Color":"Crimson","Marca":"Twist","Codigo":49},
{"Color":"Fuscia","Marca":"Conlon","Codigo":50}]